{"transmat":[[0.9806451612903225,0.012903225806451613,0.0,0.0,0.0064516129032258064,0.0],[0.03389830508474576,0.9322033898305084,0.03389830508474576,0.0,0.0,0.0],[0.0,0.0007421150278293135,0.9985157699443413,0.0007421150278293135,0.0,0.0],[0.0,0.0,0.021052631578947368,0.9789473684210527,0.0,0.0],[0.0,0.0,0.0,0.0,0.8888888888888888,0.1111111111111111],[0.0012165450121654502,0.0,0.0012165450121654502,0.0,0.0,0.9975669099756691]],"states":[["GaussianMixture",{"means":[249.291,251.45299999999997,256.3675,253.39200000000002,259.476],"variances":[1.414141251427452,1.9976537126133405,1.9268369708816286,1.5369384261843468,5.846334111976207],"weights":[0.10967741935483871,0.12258064516129032,0.25806451612903225,0.16774193548387098,0.3419354838709677]}],["GaussianMixture",{"means":[250.43400000000003,251.7495,248.636,249.6805,249.24099999999999],"variances":[0.08546760669980003,0.35746709333921284,0.008321362747396874,0.1556779724557049,0.013829479183480894],"weights":[0.11864406779661017,0.2711864406779661,0.2711864406779661,0.2711864406779661,0.06779661016949153]}],["GaussianMixture",{"means":[248.448,249.08499999999998,249.6075,248.798,248.855],"variances":[0.002555959293582021,0.0332854509895647,0.22023889510383676,0.0015654646713060792,0.0015654646713060792],"weights":[0.33123145400593473,0.10942136498516321,0.05192878338278932,0.36387240356083084,0.1435459940652819]}],["GaussianMixture",{"means":[241.9855,244.0665],"variances":[0.004494671328650329,2.1014925787160488],"weights":[0.9787234042553191,0.02127659574468085]}],["GaussianMixture",{"means":[249.157,247.42899999999997,251.961],"variances":[0.002555959293582021,0.7273805971514087,1.0e-6],"weights":[0.3333333333333333,0.5555555555555556,0.1111111111111111]}],["GaussianMixture",{"means":[246.959,247.51600000000002,248.694,247.24599999999998,248.152],"variances":[0.0032662164129743237,0.11683125653804603,0.5717618127890138,0.0006957620761360352,0.01435130074057056],"weights":[0.7968369829683698,0.1435523114355231,0.0267639902676399,0.02068126520681265,0.012165450121654502]}]]}