{"transmat":[[1.0]],"states":[["GaussianMixture",{"means":[249.092,250.65,247.613,247.7525,248.173],"variances":[0.0013963558333602395,0.3418704267992001,0.000947009492519774,0.017685160688721707,0.10299211399244358],"weights":[0.19551616266944735,0.12330552659019813,0.49608967674661103,0.10375391032325339,0.08133472367049009]}]]}