{"transmat":[[0.9883419689119171,0.0012953367875647669,0.0,0.0,0.0012953367875647669,0.0,0.009067357512953367,0.0,0.0,0.0],[0.0,0.8390804597701149,0.0,0.0,0.011494252873563218,0.11494252873563218,0.011494252873563218,0.0,0.011494252873563218,0.011494252873563218],[0.0,0.0,0.875,0.0,0.125,0.0,0.0,0.0,0.0,0.0],[0.0,0.0,0.0,0.9481481481481482,0.003703703703703704,0.011111111111111112,0.0,0.0,0.022222222222222223,0.014814814814814815],[0.0,0.008888888888888889,0.0044444444444444444,0.0044444444444444444,0.9644444444444444,0.0,0.008888888888888889,0.008888888888888889,0.0,0.0],[0.0,0.006087437742114001,0.0,0.002213613724405091,0.0,0.9811842833425567,0.0,0.0,0.005534034311012728,0.004980630879911455],[0.04827586206896552,0.0,0.0,0.0,0.013793103448275862,0.0,0.9310344827586207,0.0,0.006896551724137931,0.0],[0.0,0.0,0.0,0.0,0.05405405405405406,0.0,0.0,0.9459459459459459,0.0,0.0],[0.0035714285714285713,0.0,0.0,0.02857142857142857,0.0,0.02142857142857143,0.0,0.0,0.9321428571428572,0.014285714285714285],[0.0,0.0,0.0,0.004901960784313725,0.0,0.07352941176470588,0.0,0.0,0.004901960784313725,0.9166666666666666]],"states":[["GaussianMixture",{"means":[229.12,233.66199999999998,255.495,224.39249999999998],"variances":[0.4035468358399186,6.7618845289552185,174.1145030381586,0.15741737764605315],"weights":[0.8743523316062176,0.05829015544041451,0.0025906735751295338,0.06476683937823834]}],["GaussianMixture",{"means":[256.937,252.83249999999998,261.855],"variances":[0.22962081184924873,2.9660349384879914,0.5684424478840523],"weights":[0.7586206896551724,0.022988505747126436,0.21839080459770116]}],["GaussianMixture",{"means":[254.60899999999998,260.124],"variances":[0.0210468028031332,0.4824723463517242],"weights":[0.375,0.625]}],["GaussianMixture",{"means":[290.8395,279.80899999999997,273.182,283.767,275.642],"variances":[47.98802581627387,8.936677333479386,15.14572695237288,0.24027466864007196,0.025047434740897268],"weights":[0.1925925925925926,0.5666666666666667,0.15555555555555556,0.06296296296296296,0.022222222222222223]}],["GaussianMixture",{"means":[246.4035,249.776,252.792],"variances":[2.6494052136731634,2.6889078302977265,3.1155114482719695],"weights":[0.2222222222222222,0.7155555555555555,0.06222222222222222]}],["GaussianMixture",{"means":[261.446,263.187,270.577,256.548,265.673],"variances":[0.1932672433711392,1.4298683733570006,68.235725340302,0.13799764344802593,1.0e-6],"weights":[0.9241837299391257,0.06751521859435529,0.006087437742114001,0.0016602102933038186,0.0005534034311012728]}],["GaussianMixture",{"means":[235.6535,243.28949999999998,247.105],"variances":[32.39888703535496,7.910042944612893,1.1648265074788076],"weights":[0.41379310344827586,0.4827586206896552,0.10344827586206896]}],["GaussianMixture",{"means":[254.09,258.45349999999996,267.6825,245.30599999999998,262.961],"variances":[7.085761775395771,6.882450674971564,16.563255212240232,37.96159542808161,4.76427430147085],"weights":[0.24324324324324326,0.32432432432432434,0.05405405405405406,0.13513513513513514,0.24324324324324326]}],["GaussianMixture",{"means":[262.573,264.81499999999994,268.204,265.904,258.001],"variances":[1.7685160688728359,0.6140692202833256,9.148189004624976,0.01408918204173988,0.05026881000080053],"weights":[0.5964285714285714,0.15,0.20357142857142857,0.03214285714285714,0.017857142857142856]}],["GaussianMixture",{"means":[274.07849999999996,269.87,278.01599999999996,264.4075],"variances":[2.201434694024081,6.169573576514091,8.482620103585543,2.61019491375359],"weights":[0.33170731707317075,0.36097560975609755,0.22926829268292684,0.07804878048780488]}]]}