{"transmat":[[0.9971711456859972,0.0007072135785007072,0.0014144271570014145,0.0007072135785007072],[0.003484320557491289,0.9930313588850174,0.0,0.003484320557491289],[0.002320185614849188,0.0,0.9976798143851509,0.0],[0.0,0.0007861635220125787,0.0,0.9992138364779874]],"states":[["GaussianMixture",{"means":[248.5815,247.545,250.2125,245.84750000000003,258.487],"variances":[0.1548118936213685,0.10943878447917174,0.8003631399294955,0.01948254605208151,129.09556578281925],"weights":[0.416135881104034,0.42321302193913657,0.10898796886058032,0.03113941967445152,0.020523708421797595]}],["GaussianMixture",{"means":[250.521,251.786,248.492,249.761,253.514],"variances":[0.07429192835188157,1.4589273113178818,0.8321362747398012,0.49786125060504766,34.13565291990301],"weights":[0.13588850174216027,0.10452961672473868,0.44947735191637633,0.2508710801393728,0.059233449477351915]}],["GaussianMixture",{"means":[249.11,247.378,245.6005,246.448],"variances":[0.6401784169424677,0.11458814859472347,0.11683125653813145,0.044528772872706256],"weights":[0.08236658932714618,0.4280742459396752,0.20417633410672853,0.2853828306264501]}],["GaussianMixture",{"means":[249.1335,248.207,250.009,250.827,248.61950000000002],"variances":[0.008321362747391176,0.035735113299328124,0.010673183515167998,0.22127166693557673,0.001236910357573709],"weights":[0.33464257659073054,0.4186959937156324,0.17360565593087196,0.06677140612725845,0.006284367635506678]}]]}