{"transmat":[[0.9991869918699187,0.0008130081300813008],[0.0,1.0]],"states":[["GaussianMixture",{"means":[238.426,243.073,259.955,250.249],"variances":[7.405247023731639,3.00782294026573,138.96769522766343,0.5293638112745087],"weights":[0.9016260162601626,0.09349593495934959,0.0024390243902439024,0.0024390243902439024]}],["GaussianMixture",{"means":[265.4145,268.8175,262.35249999999996,273.001],"variances":[5.175817569505013,2.101492578715867,0.361420616386442,3.9310750568925235],"weights":[0.7247600767754319,0.22495201535508638,0.03608445297504798,0.014203454894433781]}]]}