{"transmat":[[0.9859154929577465,0.014084507042253521,0.0,0.0,0.0,0.0,0.0],[0.0008703220191470844,0.9982593559617058,0.0,0.0,0.0,0.0,0.0008703220191470844],[0.0,0.0,0.9642857142857143,0.0,0.0,0.0,0.03571428571428571],[0.0,0.0,0.0,0.9791666666666666,0.0,0.0,0.020833333333333332],[0.0,0.0,0.0,0.0,0.995945945945946,0.0,0.004054054054054054],[0.0,0.0,0.0,0.0,0.0,0.8636363636363636,0.13636363636363635],[0.0,0.0,0.0011757789535567313,0.0011757789535567313,0.001763668430335097,0.001763668430335097,0.9941211052322163]],"states":[["GaussianMixture",{"means":[243.48899999999998,275.915],"variances":[45.80550111409372,1.0e-6],"weights":[0.984375,0.015625]}],["GaussianMixture",{"means":[233.542,238.225],"variances":[1.6422352520540393,3.4744811944285074],"weights":[0.9693520140105079,0.03064798598949212]}],["GaussianMixture",{"means":[274.50800000000004,272.15500000000003,273.092,276.74399999999997],"variances":[0.26456352945079165,0.09470094925190053,0.5684424478842408,6.490305398569484],"weights":[0.375,0.125,0.4107142857142857,0.08928571428571429]}],["GaussianMixture",{"means":[273.067,274.616,277.48199999999997,282.52,286.606],"variances":[0.9184832473969949,1.0179434025167151,1.9298893854068968,5.230972417002435,18.31598013940955],"weights":[0.13541666666666666,0.15625,0.19791666666666666,0.4791666666666667,0.03125]}],["GaussianMixture",{"means":[271.96000000000004,271.388,272.9425,270.8465,273.4395],"variances":[0.028647037148638577,0.1462839765076492,0.06842143583445563,0.0007549501694170106,0.12138270011949993],"weights":[0.07162162162162163,0.9013513513513514,0.016216216216216217,0.002702702702702703,0.008108108108108109]}],["GaussianMixture",{"means":[297.9895,272.472,276.63599999999997,273.8315],"variances":[522.1927075161583,0.1429404531973125,1.0e-6,2.8945441772447276],"weights":[0.2727272727272727,0.5,0.045454545454545456,0.18181818181818182]}],["GaussianMixture",{"means":[272.123,275.019,272.772,273.389],"variances":[0.18751271119962856,1.6309870984899475,0.04735530630699531,0.3117207368331647],"weights":[0.7876470588235294,0.033529411764705884,0.12764705882352942,0.051176470588235295]}]]}