{"transmat":[[0.975609756097561,0.0,0.012195121951219513,0.0,0.0,0.012195121951219513,0.0,0.0],[0.0,0.9227642276422764,0.008130081300813009,0.06504065040650407,0.0,0.0,0.0,0.0040650406504065045],[0.0,0.008032128514056224,0.9076305220883534,0.04819277108433735,0.0,0.0,0.0,0.03614457831325301],[0.0005227391531625719,0.006272869837950863,0.007841087297438577,0.9843178254051228,0.0,0.0,0.0,0.0010454783063251437],[0.0,0.0,0.0,0.001176470588235294,0.9929411764705882,0.0058823529411764705,0.0,0.0],[0.0,0.0,0.0,0.0,0.02109704641350211,0.9620253164556962,0.012658227848101266,0.004219409282700422],[0.0,0.0,0.0,0.0,0.0,0.08108108108108109,0.918918918918919,0.0],[0.004524886877828055,0.027149321266968326,0.02262443438914027,0.004524886877828055,0.0,0.0,0.0,0.9411764705882353]],"states":[["GaussianMixture",{"means":[303.361,307.529,313.1275,301.1275],"variances":[1.3829479183472075,6.535182052480467,2.003872086168835,2.1916614111109043],"weights":[0.691358024691358,0.13580246913580246,0.09876543209876543,0.07407407407407407]}],["GaussianMixture",{"means":[329.2345,326.447,320.728,323.94100000000003,334.40999999999997],"variances":[6.597139906944249,1.1982762356251495,18.14704041029857,0.23812457055761901,1.3726274475514348],"weights":[0.42105263157894735,0.18218623481781376,0.2793522267206478,0.07692307692307693,0.04048582995951417]}],["GaussianMixture",{"means":[319.182,315.542,322.2145,317.557,318.1035],"variances":[1.1085857396579437,1.667684924245242,10.690849349133487,0.1565464671306079,0.08165541032428669],"weights":[0.11693548387096774,0.5645161290322581,0.1935483870967742,0.10887096774193548,0.016129032258064516]}],["GaussianMixture",{"means":[314.25,315.634,315.0505,318.88800000000003],"variances":[0.19617712330413192,0.7087544665717465,0.002555959293582021,5.155833736541198],"weights":[0.8991113434396236,0.08311552535284893,0.009409304756926294,0.00836382645060115]}],["GaussianMixture",{"means":[281.90599999999995,286.801,292.677,314.44599999999997],"variances":[0.30561469986312234,7.14439422535309,4.360592178561002,11.705676317351498],"weights":[0.8823529411764706,0.07882352941176471,0.03411764705882353,0.004705882352941176]}],["GaussianMixture",{"means":[291.0715,296.06899999999996,299.772,302.53650000000005],"variances":[21.592763438913178,3.4581114589148965,5.761605752481907,1.27402853958488],"weights":[0.04219409282700422,0.1940928270042194,0.4092827004219409,0.35443037974683544]}],["GaussianMixture",{"means":[310.64,306.372,314.4455,318.682],"variances":[1.5478580254350223,2.4562768811333022,7.860663163931865,1.0e-6],"weights":[0.35135135135135137,0.1891891891891892,0.43243243243243246,0.02702702702702703]}],["GaussianMixture",{"means":[343.929,329.647,333.528,338.802,336.745],"variances":[44.081457045839855,8.559617773343502,4.569592583462605,0.9269290259321126,0.0436059217856309],"weights":[0.22624434389140272,0.2669683257918552,0.4434389140271493,0.04072398190045249,0.02262443438914027]}]]}