{"transmat":[[0.9922077922077922,0.0,0.0,0.005194805194805195,0.0025974025974025974],[0.0018656716417910447,0.9850746268656716,0.0037313432835820895,0.0037313432835820895,0.005597014925373134],[0.0,0.0009737098344693282,0.9946445959104186,0.0034079844206426485,0.0009737098344693282],[0.009950248756218905,0.014925373134328358,0.03482587064676617,0.9303482587064676,0.009950248756218905],[0.0015174506828528073,0.0030349013657056147,0.0030349013657056147,0.004552352048558422,0.9878603945371776]],"states":[["GaussianMixture",{"means":[306.182,304.779,306.882,307.479],"variances":[0.4509420035158899,0.025047434740897268,1.0e-6,0.56183270816073],"weights":[0.05699481865284974,0.9326424870466321,0.0025906735751295338,0.007772020725388601]}],["GaussianMixture",{"means":[301.01599999999996,302.022,302.602,303.617,306.71],"variances":[0.12680263837579245,0.21920853911263882,0.037416538316616774,2.3405436241216226,0.5552616218862682],"weights":[0.8336448598130841,0.08037383177570094,0.018691588785046728,0.0616822429906542,0.005607476635514018]}],["GaussianMixture",{"means":[299.718,300.636,302.3965,304.488,301.832],"variances":[0.040011151058910475,0.36010035953019426,0.4794235555874435,1.4298683733567017,0.00608912608645569],"weights":[0.8382066276803118,0.12231968810916179,0.015594541910331383,0.01705653021442495,0.00682261208576998]}],["GaussianMixture",{"means":[321.123,310.0625,301.767,303.547,304.7585],"variances":[40.69050474607668,16.5990579690749,3.2567511497273536,0.16447163202905699,0.7255071128110243],"weights":[0.365,0.22,0.225,0.08,0.11]}],["GaussianMixture",{"means":[364.374,327.996,301.90500000000003,309.68],"variances":[30.367352367059695,0.9893169000124429,1.0e-6,50.283672251839945],"weights":[0.5364741641337386,0.45896656534954405,0.001519756838905775,0.00303951367781155]}]]}