{"transmat":[[1.0,0.0],[0.0008123476848090983,0.9991876523151909]],"states":[["GaussianMixture",{"means":[314.96799999999996,318.0065,320.895,326.757,319.64650000000006],"variances":[4.793104942501147,1.6366063435908291,1.8873754235459594,156.10125670876468,0.08936677333479386],"weights":[0.6813989239046887,0.2436587240584166,0.043812451960030745,0.0034588777863182167,0.027671022290545733]}],["GaussianMixture",{"means":[288.298,292.957,297.203,316.388,284.219],"variances":[7.441180235955242,2.4977906850092197,0.9482125811083355,213.73328293957132,1.0e-6],"weights":[0.9113821138211382,0.07723577235772358,0.00894308943089431,0.0016260162601626016,0.0008130081300813008]}]]}