{"transmat":[[0.9994703389830508,0.0005296610169491525],[0.001027221366204417,0.9989727786337956]],"states":[["GaussianMixture",{"means":[314.181,333.647,363.317,321.223],"variances":[9.33529102293344,1.0e-6,1.0e-6,0.6722269575744316],"weights":[0.9920466595970308,0.0005302226935312832,0.0005302226935312832,0.006892895015906681]}],["GaussianMixture",{"means":[288.55999999999995,299.2475,277.752],"variances":[46.522367973205874,3.3245360115793927,0.5134917389125818],"weights":[0.9748330765279918,0.02362609142270159,0.0015408320493066256]}]]}