{"transmat":[[0.9722222222222222,0.009259259259259259,0.009259259259259259,0.009259259259259259],[0.0,0.9620253164556962,0.012658227848101266,0.02531645569620253],[0.0002849002849002849,0.0002849002849002849,0.9994301994301994,0.0],[0.007246376811594203,0.007246376811594203,0.007246376811594203,0.9782608695652174]],"states":[["GaussianMixture",{"means":[140.58,151.6515,145.842,180.551,159.332],"variances":[27.876886510572398,14.452380716779096,3.2329937738362986,575.9495467451678,15.672045596643875],"weights":[0.3425925925925926,0.18518518518518517,0.1388888888888889,0.21296296296296297,0.12037037037037036]}],["GaussianMixture",{"means":[144.377,135.183,132.912,137.647,127.747],"variances":[6.1368582638922895,1.1039618208600048,2.508223492390497,0.08165541032430451,0.2402746686400414],"weights":[0.08860759493670886,0.1518987341772152,0.7088607594936709,0.02531645569620253,0.02531645569620253]}],["GaussianMixture",{"means":[123.565,129.6415,126.9075,120.94200000000001,132.60399999999998],"variances":[2.2870472511563387,2.4700761623098684,1.380364176887525,0.10583314247001224,0.31912770393546736],"weights":[0.43276353276353274,0.47977207977207975,0.07122507122507123,0.003703703703703704,0.012535612535612535]}],["GaussianMixture",{"means":[146.07049999999998,221.515,179.638,198.9835],"variances":[3.762943426442279,103.33033287628213,92.10129223453237,40.71855265477064],"weights":[0.014598540145985401,0.7153284671532847,0.12408759124087591,0.145985401459854]}]]}