{"transmat":[[0.6666666666666666,0.0,0.0,0.3333333333333333,0.0,0.0],[0.0,0.8285714285714286,0.05714285714285714,0.11428571428571428,0.0,0.0],[0.0,0.005917159763313609,0.9313609467455621,0.06153846153846154,0.0,0.001183431952662722],[0.00036231884057971015,0.0,0.019927536231884056,0.9786231884057971,0.0007246376811594203,0.00036231884057971015],[0.0,0.016129032258064516,0.016129032258064516,0.0,0.967741935483871,0.0],[0.0,0.0,0.007692307692307693,0.007692307692307693,0.0,0.9846153846153847]],"states":[["GaussianMixture",{"means":[147.365,135.941],"variances":[13.122381983514188,1.0e-6],"weights":[0.6666666666666666,0.3333333333333333]}],["GaussianMixture",{"means":[148.578,144.1045,177.5615,137.28699999999998],"variances":[15.25713947857526,5.516292848391401,742.3801657510687,10.151604750042049],"weights":[0.3142857142857143,0.22857142857142856,0.22857142857142856,0.22857142857142856]}],["GaussianMixture",{"means":[145.63299999999998,147.888,143.192,142.019],"variances":[2.645828561750408,0.6940275026266928,0.15137173668932186,2.3003633642245767],"weights":[0.6603550295857988,0.1881656804733728,0.07455621301775148,0.07692307692307693]}],["GaussianMixture",{"means":[138.553,135.87900000000002,141.788,140.4965,239.997],"variances":[3.2646896017490854,0.6384208929481029,1.1412237453821321,0.14377271026403604,6.180498007445693],"weights":[0.5973884657236126,0.07181719260065289,0.1498005077983315,0.16902430177729416,0.011969532100108813]}],["GaussianMixture",{"means":[139.87,145.71550000000002,148.465,136.95],"variances":[7.441180235955414,1.9821500559341791,1.2765108157418694,1.352102466305325],"weights":[0.41935483870967744,0.25806451612903225,0.11290322580645161,0.20967741935483872]}],["GaussianMixture",{"means":[152.875,149.0865,155.6325,161.58100000000002],"variances":[3.1778981144320166,0.30561469986301876,4.310247269582729,6.980832157288674],"weights":[0.36153846153846153,0.015384615384615385,0.6,0.023076923076923078]}]]}