{"transmat":[[0.9711711711711711,0.0,0.009009009009009009,0.0036036036036036037,0.005405405405405406,0.0036036036036036037,0.007207207207207207],[0.0,0.75,0.25,0.0,0.0,0.0,0.0],[0.02976190476190476,0.0,0.9285714285714286,0.02976190476190476,0.0,0.0,0.011904761904761904],[0.0013114754098360656,0.0,0.0,0.9849180327868853,0.002622950819672131,0.0006557377049180328,0.010491803278688525],[0.010416666666666666,0.005208333333333333,0.005208333333333333,0.010416666666666666,0.9583333333333334,0.005208333333333333,0.005208333333333333],[0.0015873015873015873,0.0,0.0,0.0015873015873015873,0.0,0.9920634920634921,0.004761904761904762],[0.006570302233902759,0.0,0.006570302233902759,0.017082785808147174,0.001314060446780552,0.001314060446780552,0.9671484888304862]],"states":[["GaussianMixture",{"means":[193.339,37.5925,42.619,40.5385],"variances":[82.773079624389,0.008321362747396874,1.0e-6,2.2903726556625617],"weights":[0.9909747292418772,0.0036101083032490976,0.0018050541516245488,0.0036101083032490976]}],["GaussianMixture",{"means":[35.686,42.005],"variances":[0.0005846334111978926,1.0e-6],"weights":[0.75,0.25]}],["GaussianMixture",{"means":[46.137,39.851,37.655,41.334,38.808],"variances":[15.171401297734464,0.11985588889686087,0.3522295510438308,1.3368101956736218,0.6192475744853511],"weights":[0.20833333333333334,0.2261904761904762,0.041666666666666664,0.23214285714285715,0.2916666666666667]}],["GaussianMixture",{"means":[39.127,37.835,184.29950000000002,38.321,40.687],"variances":[0.4494671328649281,0.05225946260754634,132.74233143758815,0.027178206099058723,1.5808487438782763],"weights":[0.047900262467191604,0.8326771653543307,0.03543307086614173,0.062335958005249346,0.021653543307086614]}],["GaussianMixture",{"means":[49.333,54.351,70.0945,39.6515,52.885],"variances":[5.511131405073096,7.1561497054316945,241.61358665659017,7.309850312403672,0.8727223958476692],"weights":[0.5078534031413613,0.1518324607329843,0.11518324607329843,0.09424083769633508,0.13089005235602094]}],["GaussianMixture",{"means":[37.2295,38.098,37.766999999999996,39.3255],"variances":[0.06060860752117711,0.07731776863087783,0.01408918204175101,1.060516552470537],"weights":[0.8126984126984127,0.08253968253968254,0.05714285714285714,0.047619047619047616]}],["GaussianMixture",{"means":[40.395,37.7775,38.767,39.613,39.381],"variances":[1.031293337352575,0.3734116409173108,0.2489716945917363,0.0040634437918764905,0.05326928395415798],"weights":[0.19816272965879264,0.4461942257217848,0.26115485564304464,0.030183727034120734,0.06430446194225722]}]]}