c,ρ,Greedy,Heuristic,RH-3
0.0625,0.99,0.15143337589147077,5.193348072913754,0.15143337589147077
0.0625,0.999,0.2728956360725052,5.304678346203819,0.2728956360725052
0.125,0.99,0.10455735329299265,7.074757278682478,0.10455526598649756
0.125,0.999,0.23258767155573354,7.3476912779305295,0.2325874585431912
0.25,0.99,0.8766039144795136,5.268373668222796,0.19893233248971615
0.25,0.999,1.0060242412458136,5.452457757959452,0.3067581648523871
0.5,0.99,0.609984041287382,5.569640357054247,0.10149450460006583
0.5,0.999,0.7260952493399833,5.571571577875154,0.2183813344596971
